player_key,name,gender,issue,detail
men:sackmann:106075,Jozef Kovalik,men,match_count_sum_mismatch,"sum(surface_matches)=155, matches=156"
men:sackmann:106075,Jozef Kovalik,men,match_count_sum_mismatch,"sum(level_surface_matches)=155, matches=156"
men:sackmann:106220,Dimitar Kuzmanov,men,match_count_sum_mismatch,"sum(surface_matches)=200, matches=201"
men:sackmann:106220,Dimitar Kuzmanov,men,match_count_sum_mismatch,"sum(level_surface_matches)=200, matches=201"
men:sackmann:106249,Joao Domingues,men,match_count_sum_mismatch,"sum(surface_matches)=137, matches=138"
men:sackmann:106249,Joao Domingues,men,match_count_sum_mismatch,"sum(level_surface_matches)=137, matches=138"
men:sackmann:125802,Ilya Ivashka,men,match_count_sum_mismatch,"sum(surface_matches)=74, matches=75"
men:sackmann:125802,Ilya Ivashka,men,match_count_sum_mismatch,"sum(level_surface_matches)=74, matches=75"
men:sackmann:126505,Antoine Walch,men,match_count_sum_mismatch,"sum(surface_matches)=19, matches=20"
men:sackmann:126505,Antoine Walch,men,match_count_sum_mismatch,"sum(level_surface_matches)=19, matches=20"
men:sackmann:130493,Tiago Silva,men,match_count_sum_mismatch,"sum(surface_matches)=36, matches=37"
men:sackmann:130493,Tiago Silva,men,match_count_sum_mismatch,"sum(level_surface_matches)=36, matches=37"
men:sackmann:132310,Tiago Cacao,men,match_count_sum_mismatch,"sum(surface_matches)=37, matches=38"
men:sackmann:132310,Tiago Cacao,men,match_count_sum_mismatch,"sum(level_surface_matches)=37, matches=38"
men:sackmann:132744,Alberto Barroso Campos,men,match_count_sum_mismatch,"sum(surface_matches)=213, matches=214"
men:sackmann:132744,Alberto Barroso Campos,men,match_count_sum_mismatch,"sum(level_surface_matches)=213, matches=214"
men:sackmann:144751,Rigele Te,men,match_count_sum_mismatch,"sum(surface_matches)=116, matches=117"
men:sackmann:144751,Rigele Te,men,match_count_sum_mismatch,"sum(level_surface_matches)=116, matches=117"
men:sackmann:148673,Dominique Rolland,men,match_count_sum_mismatch,"sum(surface_matches)=28, matches=29"
men:sackmann:148673,Dominique Rolland,men,match_count_sum_mismatch,"sum(level_surface_matches)=28, matches=29"
men:sackmann:149128,Goncalo Marques,men,match_count_sum_mismatch,"sum(surface_matches)=36, matches=37"
men:sackmann:149128,Goncalo Marques,men,match_count_sum_mismatch,"sum(level_surface_matches)=36, matches=37"
men:sackmann:200266,Javier Barranco Cosano,men,match_count_sum_mismatch,"sum(surface_matches)=195, matches=196"
men:sackmann:200266,Javier Barranco Cosano,men,match_count_sum_mismatch,"sum(level_surface_matches)=195, matches=196"
men:sackmann:202065,Petros Tsitsipas,men,match_count_sum_mismatch,"sum(surface_matches)=61, matches=62"
men:sackmann:202065,Petros Tsitsipas,men,match_count_sum_mismatch,"sum(level_surface_matches)=61, matches=62"
men:sackmann:202230,Maxence Bertimon,men,match_count_sum_mismatch,"sum(surface_matches)=128, matches=129"
men:sackmann:202230,Maxence Bertimon,men,match_count_sum_mismatch,"sum(level_surface_matches)=128, matches=129"
men:sackmann:202293,Charles Bertimon,men,match_count_sum_mismatch,"sum(surface_matches)=38, matches=39"
men:sackmann:202293,Charles Bertimon,men,match_count_sum_mismatch,"sum(level_surface_matches)=38, matches=39"
men:sackmann:202361,Simon Reveniau,men,match_count_sum_mismatch,"sum(surface_matches)=24, matches=25"
men:sackmann:202361,Simon Reveniau,men,match_count_sum_mismatch,"sum(level_surface_matches)=24, matches=25"
men:sackmann:206646,Louis Van Herck,men,match_count_sum_mismatch,"sum(surface_matches)=36, matches=37"
men:sackmann:206646,Louis Van Herck,men,match_count_sum_mismatch,"sum(level_surface_matches)=36, matches=37"
men:sackmann:206893,Piotr Galus,men,match_count_sum_mismatch,"sum(surface_matches)=8, matches=9"
men:sackmann:206893,Piotr Galus,men,match_count_sum_mismatch,"sum(level_surface_matches)=8, matches=9"
men:sackmann:207368,Mert Alkaya,men,match_count_sum_mismatch,"sum(surface_matches)=152, matches=153"
men:sackmann:207368,Mert Alkaya,men,match_count_sum_mismatch,"sum(level_surface_matches)=152, matches=153"
men:sackmann:207793,Alec Deckers,men,match_count_sum_mismatch,"sum(surface_matches)=119, matches=120"
men:sackmann:207793,Alec Deckers,men,match_count_sum_mismatch,"sum(level_surface_matches)=119, matches=120"
men:sackmann:208007,Karlo Kajin,men,match_count_sum_mismatch,"sum(surface_matches)=13, matches=14"
men:sackmann:208007,Karlo Kajin,men,match_count_sum_mismatch,"sum(level_surface_matches)=13, matches=14"
men:sackmann:208092,Filippo Moroni,men,match_count_sum_mismatch,"sum(surface_matches)=89, matches=90"
men:sackmann:208092,Filippo Moroni,men,match_count_sum_mismatch,"sum(level_surface_matches)=89, matches=90"
men:sackmann:208126,John Echeverria,men,match_count_sum_mismatch,"sum(surface_matches)=172, matches=173"
men:sackmann:208126,John Echeverria,men,match_count_sum_mismatch,"sum(level_surface_matches)=172, matches=173"
men:sackmann:208257,Fabrizio Andaloro,men,match_count_sum_mismatch,"sum(surface_matches)=175, matches=176"
men:sackmann:208257,Fabrizio Andaloro,men,match_count_sum_mismatch,"sum(level_surface_matches)=175, matches=176"
men:sackmann:208421,Lilian Marmousez,men,match_count_sum_mismatch,"sum(surface_matches)=204, matches=205"
men:sackmann:208421,Lilian Marmousez,men,match_count_sum_mismatch,"sum(level_surface_matches)=204, matches=205"
men:sackmann:208426,Tiago Torres,men,match_count_sum_mismatch,"sum(surface_matches)=80, matches=81"
men:sackmann:208426,Tiago Torres,men,match_count_sum_mismatch,"sum(level_surface_matches)=80, matches=81"
men:sackmann:208605,Mario Gonzalez Fernandez,men,match_count_sum_mismatch,"sum(surface_matches)=196, matches=197"
men:sackmann:208605,Mario Gonzalez Fernandez,men,match_count_sum_mismatch,"sum(level_surface_matches)=196, matches=197"
men:sackmann:209041,Bozo Barun,men,match_count_sum_mismatch,"sum(surface_matches)=6, matches=7"
men:sackmann:209041,Bozo Barun,men,match_count_sum_mismatch,"sum(level_surface_matches)=6, matches=7"
men:sackmann:209095,Francisco Rocha,men,match_count_sum_mismatch,"sum(surface_matches)=128, matches=129"
men:sackmann:209095,Francisco Rocha,men,match_count_sum_mismatch,"sum(level_surface_matches)=128, matches=129"
men:sackmann:209247,Axel Garcian,men,match_count_sum_mismatch,"sum(surface_matches)=124, matches=125"
men:sackmann:209247,Axel Garcian,men,match_count_sum_mismatch,"sum(level_surface_matches)=124, matches=125"
men:sackmann:209274,Carl Emil Overbeck,men,match_count_sum_mismatch,"sum(surface_matches)=80, matches=81"
men:sackmann:209274,Carl Emil Overbeck,men,match_count_sum_mismatch,"sum(level_surface_matches)=80, matches=81"
men:sackmann:209314,Jan Kupcic,men,match_count_sum_mismatch,"sum(surface_matches)=91, matches=92"
men:sackmann:209314,Jan Kupcic,men,match_count_sum_mismatch,"sum(level_surface_matches)=91, matches=92"
men:sackmann:209337,Luca Castagnola,men,match_count_sum_mismatch,"sum(surface_matches)=186, matches=187"
men:sackmann:209337,Luca Castagnola,men,match_count_sum_mismatch,"sum(level_surface_matches)=186, matches=187"
men:sackmann:209890,Mili Poljicak,men,match_count_sum_mismatch,"sum(surface_matches)=230, matches=231"
men:sackmann:209890,Mili Poljicak,men,match_count_sum_mismatch,"sum(level_surface_matches)=230, matches=231"
men:sackmann:210032,Pierre Antoine Tailleu,men,match_count_sum_mismatch,"sum(surface_matches)=32, matches=33"
men:sackmann:210032,Pierre Antoine Tailleu,men,match_count_sum_mismatch,"sum(level_surface_matches)=32, matches=33"
men:sackmann:210092,Filiberto Fumagalli,men,match_count_sum_mismatch,"sum(surface_matches)=26, matches=27"
men:sackmann:210092,Filiberto Fumagalli,men,match_count_sum_mismatch,"sum(level_surface_matches)=26, matches=27"
men:sackmann:210119,Andrej Nedic,men,match_count_sum_mismatch,"sum(surface_matches)=201, matches=202"
men:sackmann:210119,Andrej Nedic,men,match_count_sum_mismatch,"sum(level_surface_matches)=201, matches=202"
men:sackmann:210174,Matic Dimic ,men,match_count_sum_mismatch,"sum(surface_matches)=46, matches=47"
men:sackmann:210174,Matic Dimic ,men,match_count_sum_mismatch,"sum(level_surface_matches)=46, matches=47"
men:sackmann:210204,Drazen Petrovic,men,match_count_sum_mismatch,"sum(surface_matches)=32, matches=33"
men:sackmann:210204,Drazen Petrovic,men,match_count_sum_mismatch,"sum(level_surface_matches)=32, matches=33"
men:sackmann:210252,Seydina Andre,men,match_count_sum_mismatch,"sum(surface_matches)=140, matches=141"
men:sackmann:210252,Seydina Andre,men,match_count_sum_mismatch,"sum(level_surface_matches)=140, matches=141"
men:sackmann:210285,Sebastian Sorger,men,match_count_sum_mismatch,"sum(surface_matches)=209, matches=210"
men:sackmann:210285,Sebastian Sorger,men,match_count_sum_mismatch,"sum(level_surface_matches)=209, matches=210"
men:sackmann:210490,Matthias Uwe Kask,men,match_count_sum_mismatch,"sum(surface_matches)=3, matches=4"
men:sackmann:210490,Matthias Uwe Kask,men,match_count_sum_mismatch,"sum(level_surface_matches)=3, matches=4"
men:sackmann:210494,Theo Papamalamis,men,match_count_sum_mismatch,"sum(surface_matches)=91, matches=92"
men:sackmann:210494,Theo Papamalamis,men,match_count_sum_mismatch,"sum(level_surface_matches)=91, matches=92"
men:sackmann:210532,Giacomo Crisostomo,men,match_count_sum_mismatch,"sum(surface_matches)=50, matches=51"
men:sackmann:210532,Giacomo Crisostomo,men,match_count_sum_mismatch,"sum(level_surface_matches)=50, matches=51"
men:sackmann:210538,Noa Vukadin,men,match_count_sum_mismatch,"sum(surface_matches)=31, matches=32"
men:sackmann:210538,Noa Vukadin,men,match_count_sum_mismatch,"sum(level_surface_matches)=31, matches=32"
men:sackmann:210570,Kevin Edengren,men,match_count_sum_mismatch,"sum(surface_matches)=35, matches=36"
men:sackmann:210570,Kevin Edengren,men,match_count_sum_mismatch,"sum(level_surface_matches)=35, matches=36"
men:sackmann:210604,Loann Massard ,men,match_count_sum_mismatch,"sum(surface_matches)=153, matches=154"
men:sackmann:210604,Loann Massard ,men,match_count_sum_mismatch,"sum(level_surface_matches)=153, matches=154"
men:sackmann:210649,Giammarco Gandolfi,men,match_count_sum_mismatch,"sum(surface_matches)=26, matches=27"
men:sackmann:210649,Giammarco Gandolfi,men,match_count_sum_mismatch,"sum(level_surface_matches)=26, matches=27"
men:sackmann:210714,Robin Catry,men,match_count_sum_mismatch,"sum(surface_matches)=116, matches=117"
men:sackmann:210714,Robin Catry,men,match_count_sum_mismatch,"sum(level_surface_matches)=116, matches=117"
men:sackmann:210722,Viktor Markov,men,match_count_sum_mismatch,"sum(surface_matches)=32, matches=33"
men:sackmann:210722,Viktor Markov,men,match_count_sum_mismatch,"sum(level_surface_matches)=32, matches=33"
men:sackmann:210733,Arthur Bonnaud,men,match_count_sum_mismatch,"sum(surface_matches)=62, matches=64"
men:sackmann:210733,Arthur Bonnaud,men,match_count_sum_mismatch,"sum(level_surface_matches)=62, matches=64"
men:sackmann:210745,Matthias Ujvary,men,match_count_sum_mismatch,"sum(surface_matches)=111, matches=112"
men:sackmann:210745,Matthias Ujvary,men,match_count_sum_mismatch,"sum(level_surface_matches)=111, matches=112"
men:sackmann:210749,Andrea M'Chich,men,match_count_sum_mismatch,"sum(surface_matches)=9, matches=10"
men:sackmann:210749,Andrea M'Chich,men,match_count_sum_mismatch,"sum(level_surface_matches)=9, matches=10"
men:sackmann:211330,Vasco Leote Prata,men,match_count_sum_mismatch,"sum(surface_matches)=15, matches=16"
men:sackmann:211330,Vasco Leote Prata,men,match_count_sum_mismatch,"sum(level_surface_matches)=15, matches=16"
men:sackmann:211334,Aljaz Jeran,men,match_count_sum_mismatch,"sum(surface_matches)=53, matches=54"
men:sackmann:211334,Aljaz Jeran,men,match_count_sum_mismatch,"sum(level_surface_matches)=53, matches=54"
men:sackmann:211457,Sven Corbinais,men,match_count_sum_mismatch,"sum(surface_matches)=24, matches=25"
men:sackmann:211457,Sven Corbinais,men,match_count_sum_mismatch,"sum(level_surface_matches)=24, matches=25"
men:sackmann:211566,Patrick Schoen,men,match_count_sum_mismatch,"sum(surface_matches)=91, matches=92"
men:sackmann:211566,Patrick Schoen,men,match_count_sum_mismatch,"sum(level_surface_matches)=91, matches=92"
men:sackmann:211646,Louis Larue,men,match_count_sum_mismatch,"sum(surface_matches)=50, matches=51"
men:sackmann:211646,Louis Larue,men,match_count_sum_mismatch,"sum(level_surface_matches)=50, matches=51"
men:sackmann:212029,Dimitris Sakellaridis,men,match_count_sum_mismatch,"sum(surface_matches)=161, matches=162"
men:sackmann:212029,Dimitris Sakellaridis,men,match_count_sum_mismatch,"sum(level_surface_matches)=161, matches=162"
men:sackmann:212059,Zach Stephens,men,match_count_sum_mismatch,"sum(surface_matches)=43, matches=44"
men:sackmann:212059,Zach Stephens,men,match_count_sum_mismatch,"sum(level_surface_matches)=43, matches=44"
men:sackmann:212075,Rodrigo Fernandes,men,match_count_sum_mismatch,"sum(surface_matches)=44, matches=45"
men:sackmann:212075,Rodrigo Fernandes,men,match_count_sum_mismatch,"sum(level_surface_matches)=44, matches=45"
men:sackmann:212104,Pablo Martinez Gomez,men,match_count_sum_mismatch,"sum(surface_matches)=46, matches=47"
men:sackmann:212104,Pablo Martinez Gomez,men,match_count_sum_mismatch,"sum(level_surface_matches)=46, matches=47"
men:sackmann:212109,Antonio Voljavec,men,match_count_sum_mismatch,"sum(surface_matches)=31, matches=32"
men:sackmann:212109,Antonio Voljavec,men,match_count_sum_mismatch,"sum(level_surface_matches)=31, matches=32"
men:sackmann:212110,Mathis Bondaz,men,match_count_sum_mismatch,"sum(surface_matches)=14, matches=15"
men:sackmann:212110,Mathis Bondaz,men,match_count_sum_mismatch,"sum(level_surface_matches)=14, matches=15"
men:sackmann:212138,Nazar Oliynykov,men,match_count_sum_mismatch,"sum(surface_matches)=10, matches=11"
men:sackmann:212138,Nazar Oliynykov,men,match_count_sum_mismatch,"sum(level_surface_matches)=10, matches=11"
men:sackmann:212171,Nicolas Jadoun,men,match_count_sum_mismatch,"sum(surface_matches)=103, matches=104"
men:sackmann:212171,Nicolas Jadoun,men,match_count_sum_mismatch,"sum(level_surface_matches)=103, matches=104"
men:sackmann:212258,Adhithya Ganesan,men,match_count_sum_mismatch,"sum(surface_matches)=109, matches=110"
men:sackmann:212258,Adhithya Ganesan,men,match_count_sum_mismatch,"sum(level_surface_matches)=109, matches=110"
men:sackmann:212259,Benjamin Thomas George,men,match_count_sum_mismatch,"sum(surface_matches)=97, matches=98"
men:sackmann:212259,Benjamin Thomas George,men,match_count_sum_mismatch,"sum(level_surface_matches)=97, matches=98"
men:sackmann:212275,Thijs Boogaard,men,match_count_sum_mismatch,"sum(surface_matches)=36, matches=37"
men:sackmann:212275,Thijs Boogaard,men,match_count_sum_mismatch,"sum(level_surface_matches)=36, matches=37"
men:sackmann:212285,Albert Pedrico Kravtsov,men,match_count_sum_mismatch,"sum(surface_matches)=76, matches=77"
men:sackmann:212285,Albert Pedrico Kravtsov,men,match_count_sum_mismatch,"sum(level_surface_matches)=76, matches=77"
men:sackmann:212286,Rodrigo Alujas ,men,match_count_sum_mismatch,"sum(surface_matches)=85, matches=86"
men:sackmann:212286,Rodrigo Alujas ,men,match_count_sum_mismatch,"sum(level_surface_matches)=85, matches=86"
men:sackmann:212552,Nicolas Ifi,men,match_count_sum_mismatch,"sum(surface_matches)=81, matches=82"
men:sackmann:212552,Nicolas Ifi,men,match_count_sum_mismatch,"sum(level_surface_matches)=81, matches=82"
men:sackmann:212750,Clement Lemire,men,match_count_sum_mismatch,"sum(surface_matches)=10, matches=11"
men:sackmann:212750,Clement Lemire,men,match_count_sum_mismatch,"sum(level_surface_matches)=10, matches=11"
men:sackmann:212769,Leo Lagarrigue,men,match_count_sum_mismatch,"sum(surface_matches)=33, matches=34"
men:sackmann:212769,Leo Lagarrigue,men,match_count_sum_mismatch,"sum(level_surface_matches)=33, matches=34"
men:sackmann:212919,Ivan Biletic,men,match_count_sum_mismatch,"sum(surface_matches)=18, matches=19"
men:sackmann:212919,Ivan Biletic,men,match_count_sum_mismatch,"sum(level_surface_matches)=18, matches=19"
men:sackmann:212947,Joao Dinis Silva,men,match_count_sum_mismatch,"sum(surface_matches)=19, matches=20"
men:sackmann:212947,Joao Dinis Silva,men,match_count_sum_mismatch,"sum(level_surface_matches)=19, matches=20"
men:sackmann:212950,Vid Mohar,men,match_count_sum_mismatch,"sum(surface_matches)=10, matches=11"
men:sackmann:212950,Vid Mohar,men,match_count_sum_mismatch,"sum(level_surface_matches)=10, matches=11"
men:sackmann:212969,Matisse Bobichon,men,match_count_sum_mismatch,"sum(surface_matches)=67, matches=68"
men:sackmann:212969,Matisse Bobichon,men,match_count_sum_mismatch,"sum(level_surface_matches)=67, matches=68"
men:sackmann:213001,Mika Petkovic,men,match_count_sum_mismatch,"sum(surface_matches)=101, matches=102"
men:sackmann:213001,Mika Petkovic,men,match_count_sum_mismatch,"sum(level_surface_matches)=101, matches=102"
men:sackmann:213002,Matteo Vavassori,men,match_count_sum_mismatch,"sum(surface_matches)=3, matches=4"
men:sackmann:213002,Matteo Vavassori,men,match_count_sum_mismatch,"sum(level_surface_matches)=3, matches=4"
men:sackmann:213004,Arthur Bellegy,men,match_count_sum_mismatch,"sum(surface_matches)=20, matches=21"
men:sackmann:213004,Arthur Bellegy,men,match_count_sum_mismatch,"sum(level_surface_matches)=20, matches=21"
men:sackmann:213098,Hugo Car,men,match_count_sum_mismatch,"sum(surface_matches)=16, matches=17"
men:sackmann:213098,Hugo Car,men,match_count_sum_mismatch,"sum(level_surface_matches)=16, matches=17"
men:sackmann:213174,Mickael Kaouk,men,match_count_sum_mismatch,"sum(surface_matches)=25, matches=27"
men:sackmann:213174,Mickael Kaouk,men,match_count_sum_mismatch,"sum(level_surface_matches)=25, matches=27"
men:sackmann:213551,Jakub Vrba ,men,match_count_sum_mismatch,"sum(surface_matches)=7, matches=8"
men:sackmann:213551,Jakub Vrba ,men,match_count_sum_mismatch,"sum(level_surface_matches)=7, matches=8"
men:sackmann:213632,Glib Sekachov,men,match_count_sum_mismatch,"sum(surface_matches)=16, matches=17"
men:sackmann:213632,Glib Sekachov,men,match_count_sum_mismatch,"sum(level_surface_matches)=16, matches=17"
men:sackmann:213713,Melios Efstathiou,men,match_count_sum_mismatch,"sum(surface_matches)=75, matches=76"
men:sackmann:213713,Melios Efstathiou,men,match_count_sum_mismatch,"sum(level_surface_matches)=75, matches=76"
men:sackmann:213716,Yoshka Sborowsky,men,match_count_sum_mismatch,"sum(surface_matches)=13, matches=14"
men:sackmann:213716,Yoshka Sborowsky,men,match_count_sum_mismatch,"sum(level_surface_matches)=13, matches=14"
men:sackmann:214201,Aaron Gabet,men,match_count_sum_mismatch,"sum(surface_matches)=4, matches=5"
men:sackmann:214201,Aaron Gabet,men,match_count_sum_mismatch,"sum(level_surface_matches)=4, matches=5"
women:sackmann:201666,Cagla Buyukakcay,women,match_count_sum_mismatch,"sum(surface_matches)=176, matches=177"
women:sackmann:201666,Cagla Buyukakcay,women,match_count_sum_mismatch,"sum(level_surface_matches)=176, matches=177"
women:sackmann:202440,Paula Ormaechea,women,match_count_sum_mismatch,"sum(surface_matches)=54, matches=55"
women:sackmann:202440,Paula Ormaechea,women,match_count_sum_mismatch,"sum(level_surface_matches)=54, matches=55"
women:sackmann:206194,Gabriela Ce,women,match_count_sum_mismatch,"sum(surface_matches)=196, matches=197"
women:sackmann:206194,Gabriela Ce,women,match_count_sum_mismatch,"sum(level_surface_matches)=196, matches=197"
women:sackmann:206336,Julia Stamatova,women,match_count_sum_mismatch,"sum(surface_matches)=172, matches=173"
women:sackmann:206336,Julia Stamatova,women,match_count_sum_mismatch,"sum(level_surface_matches)=172, matches=173"
women:sackmann:206345,Victoria Bosio,women,match_count_sum_mismatch,"sum(surface_matches)=149, matches=150"
women:sackmann:206345,Victoria Bosio,women,match_count_sum_mismatch,"sum(level_surface_matches)=149, matches=150"
women:sackmann:206408,Nadia Podoroska,women,match_count_sum_mismatch,"sum(surface_matches)=153, matches=154"
women:sackmann:206408,Nadia Podoroska,women,match_count_sum_mismatch,"sum(level_surface_matches)=153, matches=154"
women:sackmann:210847,Miriana Tona,women,match_count_sum_mismatch,"sum(surface_matches)=182, matches=183"
women:sackmann:210847,Miriana Tona,women,match_count_sum_mismatch,"sum(level_surface_matches)=182, matches=183"
women:sackmann:211063,Valeriya Strakhova,women,match_count_sum_mismatch,"sum(surface_matches)=217, matches=218"
women:sackmann:211063,Valeriya Strakhova,women,match_count_sum_mismatch,"sum(level_surface_matches)=217, matches=218"
women:sackmann:211310,Ingrid Vojcinakova,women,match_count_sum_mismatch,"sum(surface_matches)=97, matches=98"
women:sackmann:211310,Ingrid Vojcinakova,women,match_count_sum_mismatch,"sum(level_surface_matches)=97, matches=98"
women:sackmann:211646,Oana Georgeta Simion,women,match_count_sum_mismatch,"sum(surface_matches)=138, matches=139"
women:sackmann:211646,Oana Georgeta Simion,women,match_count_sum_mismatch,"sum(level_surface_matches)=138, matches=139"
women:sackmann:211920,Martina Capurro Taborda,women,match_count_sum_mismatch,"sum(surface_matches)=192, matches=193"
women:sackmann:211920,Martina Capurro Taborda,women,match_count_sum_mismatch,"sum(level_surface_matches)=192, matches=193"
women:sackmann:213584,Irina Fetecau,women,match_count_sum_mismatch,"sum(surface_matches)=83, matches=84"
women:sackmann:213584,Irina Fetecau,women,match_count_sum_mismatch,"sum(level_surface_matches)=83, matches=84"
women:sackmann:213657,Martha Matoula,women,match_count_sum_mismatch,"sum(surface_matches)=204, matches=205"
women:sackmann:213657,Martha Matoula,women,match_count_sum_mismatch,"sum(level_surface_matches)=204, matches=205"
women:sackmann:214507,Berfu Cengiz,women,match_count_sum_mismatch,"sum(surface_matches)=170, matches=171"
women:sackmann:214507,Berfu Cengiz,women,match_count_sum_mismatch,"sum(level_surface_matches)=170, matches=171"
women:sackmann:214746,Federica Bilardo,women,match_count_sum_mismatch,"sum(surface_matches)=69, matches=70"
women:sackmann:214746,Federica Bilardo,women,match_count_sum_mismatch,"sum(level_surface_matches)=69, matches=70"
women:sackmann:214784,Daria Kuczer,women,match_count_sum_mismatch,"sum(surface_matches)=104, matches=105"
women:sackmann:214784,Daria Kuczer,women,match_count_sum_mismatch,"sum(level_surface_matches)=104, matches=105"
women:sackmann:214919,Dalila Spiteri,women,match_count_sum_mismatch,"sum(surface_matches)=177, matches=178"
women:sackmann:214919,Dalila Spiteri,women,match_count_sum_mismatch,"sum(level_surface_matches)=177, matches=178"
women:sackmann:214992,Zhibek Kulambayeva,women,match_count_sum_mismatch,"sum(surface_matches)=196, matches=198"
women:sackmann:214992,Zhibek Kulambayeva,women,match_count_sum_mismatch,"sum(level_surface_matches)=196, matches=198"
women:sackmann:215013,Marcelina Podlinska,women,match_count_sum_mismatch,"sum(surface_matches)=151, matches=152"
women:sackmann:215013,Marcelina Podlinska,women,match_count_sum_mismatch,"sum(level_surface_matches)=151, matches=152"
women:sackmann:215966,Maria Toma,women,match_count_sum_mismatch,"sum(surface_matches)=155, matches=156"
women:sackmann:215966,Maria Toma,women,match_count_sum_mismatch,"sum(level_surface_matches)=155, matches=156"
women:sackmann:216030,Anna Ozerova,women,match_count_sum_mismatch,"sum(surface_matches)=49, matches=50"
women:sackmann:216030,Anna Ozerova,women,match_count_sum_mismatch,"sum(level_surface_matches)=49, matches=50"
women:sackmann:216051,Angelica Raggi,women,match_count_sum_mismatch,"sum(surface_matches)=133, matches=134"
women:sackmann:216051,Angelica Raggi,women,match_count_sum_mismatch,"sum(level_surface_matches)=133, matches=134"
women:sackmann:216579,Weronika Falkowska,women,match_count_sum_mismatch,"sum(surface_matches)=159, matches=160"
women:sackmann:216579,Weronika Falkowska,women,match_count_sum_mismatch,"sum(level_surface_matches)=159, matches=160"
women:sackmann:220297,Selina Atay,women,match_count_sum_mismatch,"sum(surface_matches)=132, matches=133"
women:sackmann:220297,Selina Atay,women,match_count_sum_mismatch,"sum(level_surface_matches)=132, matches=133"
women:sackmann:220740,Ivana Sebestova,women,match_count_sum_mismatch,"sum(surface_matches)=130, matches=132"
women:sackmann:220740,Ivana Sebestova,women,match_count_sum_mismatch,"sum(level_surface_matches)=130, matches=132"
women:sackmann:220757,Lia Karatancheva,women,match_count_sum_mismatch,"sum(surface_matches)=204, matches=205"
women:sackmann:220757,Lia Karatancheva,women,match_count_sum_mismatch,"sum(level_surface_matches)=204, matches=205"
women:sackmann:221031,Anastasia Abbagnato,women,match_count_sum_mismatch,"sum(surface_matches)=168, matches=169"
women:sackmann:221031,Anastasia Abbagnato,women,match_count_sum_mismatch,"sum(level_surface_matches)=168, matches=169"
women:sackmann:221104,Hibah Shaikh,women,match_count_sum_mismatch,"sum(surface_matches)=117, matches=118"
women:sackmann:221104,Hibah Shaikh,women,match_count_sum_mismatch,"sum(level_surface_matches)=117, matches=118"
women:sackmann:221168,Ilinca Dalina Amariei,women,match_count_sum_mismatch,"sum(surface_matches)=207, matches=209"
women:sackmann:221168,Ilinca Dalina Amariei,women,match_count_sum_mismatch,"sum(level_surface_matches)=207, matches=209"
women:sackmann:221259,Joelle Lilly Sophie Steur,women,match_count_sum_mismatch,"sum(surface_matches)=157, matches=159"
women:sackmann:221259,Joelle Lilly Sophie Steur,women,match_count_sum_mismatch,"sum(level_surface_matches)=157, matches=159"
women:sackmann:221315,Beatris Spasova,women,match_count_sum_mismatch,"sum(surface_matches)=65, matches=66"
women:sackmann:221315,Beatris Spasova,women,match_count_sum_mismatch,"sum(level_surface_matches)=65, matches=66"
women:sackmann:221364,Denislava Glushkova,women,match_count_sum_mismatch,"sum(surface_matches)=200, matches=201"
women:sackmann:221364,Denislava Glushkova,women,match_count_sum_mismatch,"sum(level_surface_matches)=200, matches=201"
women:sackmann:221465,Sofia Rocchetti,women,match_count_sum_mismatch,"sum(surface_matches)=185, matches=186"
women:sackmann:221465,Sofia Rocchetti,women,match_count_sum_mismatch,"sum(level_surface_matches)=185, matches=186"
women:sackmann:221469,Beatrice Ricci,women,match_count_sum_mismatch,"sum(surface_matches)=131, matches=132"
women:sackmann:221469,Beatrice Ricci,women,match_count_sum_mismatch,"sum(level_surface_matches)=131, matches=132"
women:sackmann:221568,Madelief Hageman,women,match_count_sum_mismatch,"sum(surface_matches)=205, matches=206"
women:sackmann:221568,Madelief Hageman,women,match_count_sum_mismatch,"sum(level_surface_matches)=205, matches=206"
women:sackmann:221911,Selena Janicijevic,women,match_count_sum_mismatch,"sum(surface_matches)=208, matches=209"
women:sackmann:221911,Selena Janicijevic,women,match_count_sum_mismatch,"sum(level_surface_matches)=208, matches=209"
women:sackmann:221933,Marian Gomez Pezuela Cano,women,match_count_sum_mismatch,"sum(surface_matches)=84, matches=85"
women:sackmann:221933,Marian Gomez Pezuela Cano,women,match_count_sum_mismatch,"sum(level_surface_matches)=84, matches=85"
women:sackmann:221940,Khrystyna Vozniak,women,match_count_sum_mismatch,"sum(surface_matches)=59, matches=60"
women:sackmann:221940,Khrystyna Vozniak,women,match_count_sum_mismatch,"sum(level_surface_matches)=59, matches=60"
women:sackmann:222397,Laura Hietaranta,women,match_count_sum_mismatch,"sum(surface_matches)=200, matches=201"
women:sackmann:222397,Laura Hietaranta,women,match_count_sum_mismatch,"sum(level_surface_matches)=200, matches=201"
women:sackmann:222481,Elena Korokozidi,women,match_count_sum_mismatch,"sum(surface_matches)=120, matches=121"
women:sackmann:222481,Elena Korokozidi,women,match_count_sum_mismatch,"sum(level_surface_matches)=120, matches=121"
women:sackmann:223120,Briana Szabo,women,match_count_sum_mismatch,"sum(surface_matches)=135, matches=136"
women:sackmann:223120,Briana Szabo,women,match_count_sum_mismatch,"sum(level_surface_matches)=135, matches=136"
women:sackmann:223352,Darya Velikova,women,match_count_sum_mismatch,"sum(surface_matches)=69, matches=70"
women:sackmann:223352,Darya Velikova,women,match_count_sum_mismatch,"sum(level_surface_matches)=69, matches=70"
women:sackmann:224481,Izabela Heinzova,women,match_count_sum_mismatch,"sum(surface_matches)=27, matches=28"
women:sackmann:224481,Izabela Heinzova,women,match_count_sum_mismatch,"sum(level_surface_matches)=27, matches=28"
women:sackmann:234506,Isabelle Cherny,women,match_count_sum_mismatch,"sum(surface_matches)=99, matches=100"
women:sackmann:234506,Isabelle Cherny,women,match_count_sum_mismatch,"sum(level_surface_matches)=99, matches=100"
women:sackmann:235161,Irina Balus,women,match_count_sum_mismatch,"sum(surface_matches)=89, matches=90"
women:sackmann:235161,Irina Balus,women,match_count_sum_mismatch,"sum(level_surface_matches)=89, matches=90"
women:sackmann:239172,Emilija Tverijonaite,women,match_count_sum_mismatch,"sum(surface_matches)=39, matches=40"
women:sackmann:239172,Emilija Tverijonaite,women,match_count_sum_mismatch,"sum(level_surface_matches)=39, matches=40"
women:sackmann:239476,Natalija Senic,women,match_count_sum_mismatch,"sum(surface_matches)=215, matches=216"
women:sackmann:239476,Natalija Senic,women,match_count_sum_mismatch,"sum(level_surface_matches)=215, matches=216"
women:sackmann:239484,Daria Gorska,women,match_count_sum_mismatch,"sum(surface_matches)=63, matches=64"
women:sackmann:239484,Daria Gorska,women,match_count_sum_mismatch,"sum(level_surface_matches)=63, matches=64"
women:sackmann:244079,Anna Lena Ebster,women,match_count_sum_mismatch,"sum(surface_matches)=80, matches=81"
women:sackmann:244079,Anna Lena Ebster,women,match_count_sum_mismatch,"sum(level_surface_matches)=80, matches=81"
women:sackmann:244087,Anja Stankovic,women,match_count_sum_mismatch,"sum(surface_matches)=198, matches=199"
women:sackmann:244087,Anja Stankovic,women,match_count_sum_mismatch,"sum(level_surface_matches)=198, matches=199"
women:sackmann:245079,Romane Longueville,women,match_count_sum_mismatch,"sum(surface_matches)=68, matches=69"
women:sackmann:245079,Romane Longueville,women,match_count_sum_mismatch,"sum(level_surface_matches)=68, matches=69"
women:sackmann:252495,Lucciana Perez Alarcon,women,match_count_sum_mismatch,"sum(surface_matches)=98, matches=99"
women:sackmann:252495,Lucciana Perez Alarcon,women,match_count_sum_mismatch,"sum(level_surface_matches)=98, matches=99"
women:sackmann:252509,Iva Ivanova,women,match_count_sum_mismatch,"sum(surface_matches)=98, matches=100"
women:sackmann:252509,Iva Ivanova,women,match_count_sum_mismatch,"sum(level_surface_matches)=98, matches=100"
women:sackmann:252531,Gina Feistel,women,match_count_sum_mismatch,"sum(surface_matches)=156, matches=158"
women:sackmann:252531,Gina Feistel,women,match_count_sum_mismatch,"sum(level_surface_matches)=156, matches=158"
women:sackmann:259849,Yoana Konstantinova,women,match_count_sum_mismatch,"sum(surface_matches)=38, matches=39"
women:sackmann:259849,Yoana Konstantinova,women,match_count_sum_mismatch,"sum(level_surface_matches)=38, matches=39"
women:sackmann:259913,Rositsa Dencheva,women,match_count_sum_mismatch,"sum(surface_matches)=128, matches=129"
women:sackmann:259913,Rositsa Dencheva,women,match_count_sum_mismatch,"sum(level_surface_matches)=128, matches=129"
women:sackmann:259981,Barbora Michalkova,women,match_count_sum_mismatch,"sum(surface_matches)=88, matches=89"
women:sackmann:259981,Barbora Michalkova,women,match_count_sum_mismatch,"sum(level_surface_matches)=88, matches=89"
women:sackmann:260142,Carmen Andreea Herea,women,match_count_sum_mismatch,"sum(surface_matches)=99, matches=100"
women:sackmann:260142,Carmen Andreea Herea,women,match_count_sum_mismatch,"sum(level_surface_matches)=99, matches=100"
women:sackmann:260339,Beatrise Zeltina,women,match_count_sum_mismatch,"sum(surface_matches)=64, matches=65"
women:sackmann:260339,Beatrise Zeltina,women,match_count_sum_mismatch,"sum(level_surface_matches)=64, matches=65"
women:sackmann:260510,Vittoria Paganetti,women,match_count_sum_mismatch,"sum(surface_matches)=96, matches=97"
women:sackmann:260510,Vittoria Paganetti,women,match_count_sum_mismatch,"sum(level_surface_matches)=96, matches=97"
women:sackmann:260541,Weronika Ewald,women,match_count_sum_mismatch,"sum(surface_matches)=124, matches=125"
women:sackmann:260541,Weronika Ewald,women,match_count_sum_mismatch,"sum(level_surface_matches)=124, matches=125"
women:sackmann:260565,Lidia Encheva,women,match_count_sum_mismatch,"sum(surface_matches)=154, matches=155"
women:sackmann:260565,Lidia Encheva,women,match_count_sum_mismatch,"sum(level_surface_matches)=154, matches=155"
women:sackmann:260711,Luna Maria Cinalli,women,match_count_sum_mismatch,"sum(surface_matches)=35, matches=36"
women:sackmann:260711,Luna Maria Cinalli,women,match_count_sum_mismatch,"sum(level_surface_matches)=35, matches=36"
women:sackmann:260774,Melis Rasim,women,match_count_sum_mismatch,"sum(surface_matches)=40, matches=41"
women:sackmann:260774,Melis Rasim,women,match_count_sum_mismatch,"sum(level_surface_matches)=40, matches=41"
women:sackmann:260984,Francesca Gandolfi,women,match_count_sum_mismatch,"sum(surface_matches)=49, matches=50"
women:sackmann:260984,Francesca Gandolfi,women,match_count_sum_mismatch,"sum(level_surface_matches)=49, matches=50"
women:sackmann:263695,Carolina Troiano,women,match_count_sum_mismatch,"sum(surface_matches)=34, matches=35"
women:sackmann:263695,Carolina Troiano,women,match_count_sum_mismatch,"sum(level_surface_matches)=34, matches=35"
women:sackmann:263869,Ruien Zhang,women,match_count_sum_mismatch,"sum(surface_matches)=109, matches=110"
women:sackmann:263869,Ruien Zhang,women,match_count_sum_mismatch,"sum(level_surface_matches)=109, matches=110"
women:sackmann:264215,Oriana Gniewkowska,women,match_count_sum_mismatch,"sum(surface_matches)=34, matches=35"
women:sackmann:264215,Oriana Gniewkowska,women,match_count_sum_mismatch,"sum(level_surface_matches)=34, matches=35"
women:sackmann:264216,Inka Wawrzkiewicz,women,match_count_sum_mismatch,"sum(surface_matches)=38, matches=39"
women:sackmann:264216,Inka Wawrzkiewicz,women,match_count_sum_mismatch,"sum(level_surface_matches)=38, matches=39"
women:sackmann:264505,Alexandra Irina Anghel,women,match_count_sum_mismatch,"sum(surface_matches)=53, matches=54"
women:sackmann:264505,Alexandra Irina Anghel,women,match_count_sum_mismatch,"sum(level_surface_matches)=53, matches=54"
women:sackmann:264961,Sonja Zhenikhova,women,match_count_sum_mismatch,"sum(surface_matches)=43, matches=44"
women:sackmann:264961,Sonja Zhenikhova,women,match_count_sum_mismatch,"sum(level_surface_matches)=43, matches=44"
women:sackmann:266407,Amy Sucha,women,match_count_sum_mismatch,"sum(surface_matches)=20, matches=21"
women:sackmann:266407,Amy Sucha,women,match_count_sum_mismatch,"sum(level_surface_matches)=20, matches=21"
women:sackmann:266562,Kiara Nina Kucikova,women,match_count_sum_mismatch,"sum(surface_matches)=10, matches=11"
women:sackmann:266562,Kiara Nina Kucikova,women,match_count_sum_mismatch,"sum(level_surface_matches)=10, matches=11"
women:sackmann:266564,Bianca Elena Barbulescu,women,match_count_sum_mismatch,"sum(surface_matches)=160, matches=161"
women:sackmann:266564,Bianca Elena Barbulescu,women,match_count_sum_mismatch,"sum(level_surface_matches)=160, matches=161"
women:sackmann:266800,Alena Kovackova,women,match_count_sum_mismatch,"sum(surface_matches)=75, matches=77"
women:sackmann:266800,Alena Kovackova,women,match_count_sum_mismatch,"sum(level_surface_matches)=75, matches=77"
women:sackmann:267409,Marta Lombardini,women,match_count_sum_mismatch,"sum(surface_matches)=30, matches=31"
women:sackmann:267409,Marta Lombardini,women,match_count_sum_mismatch,"sum(level_surface_matches)=30, matches=31"
women:sackmann:267423,Maja Pawelska,women,match_count_sum_mismatch,"sum(surface_matches)=17, matches=18"
women:sackmann:267423,Maja Pawelska,women,match_count_sum_mismatch,"sum(level_surface_matches)=17, matches=18"
women:sackmann:267732,Nika Hurkacz,women,match_count_sum_mismatch,"sum(surface_matches)=14, matches=15"
women:sackmann:267732,Nika Hurkacz,women,match_count_sum_mismatch,"sum(level_surface_matches)=14, matches=15"
women:sackmann:267734,Anna Kmiecik,women,match_count_sum_mismatch,"sum(surface_matches)=24, matches=26"
women:sackmann:267734,Anna Kmiecik,women,match_count_sum_mismatch,"sum(level_surface_matches)=24, matches=26"
women:sackmann:267773,Anastasija Adeikyte,women,match_count_sum_mismatch,"sum(surface_matches)=7, matches=8"
women:sackmann:267773,Anastasija Adeikyte,women,match_count_sum_mismatch,"sum(level_surface_matches)=7, matches=8"
women:sackmann:267841,Valeriia Artemeva,women,match_count_sum_mismatch,"sum(surface_matches)=55, matches=57"
women:sackmann:267841,Valeriia Artemeva,women,match_count_sum_mismatch,"sum(level_surface_matches)=55, matches=57"
women:sackmann:267937,Magdalena Baniak,women,match_count_sum_mismatch,"sum(surface_matches)=25, matches=26"
women:sackmann:267937,Magdalena Baniak,women,match_count_sum_mismatch,"sum(level_surface_matches)=25, matches=26"
women:sackmann:268772,Barbara Straszewska,women,match_count_sum_mismatch,"sum(surface_matches)=36, matches=37"
women:sackmann:268772,Barbara Straszewska,women,match_count_sum_mismatch,"sum(level_surface_matches)=36, matches=37"
women:sackmann:269275,Barbara Kostecka,women,match_count_sum_mismatch,"sum(surface_matches)=12, matches=13"
women:sackmann:269275,Barbara Kostecka,women,match_count_sum_mismatch,"sum(level_surface_matches)=12, matches=13"
women:sackmann:270074,Ylenia Zocco,women,match_count_sum_mismatch,"sum(surface_matches)=6, matches=7"
women:sackmann:270074,Ylenia Zocco,women,match_count_sum_mismatch,"sum(level_surface_matches)=6, matches=7"
women:sackmann:270109,Valeria Garnevska,women,match_count_sum_mismatch,"sum(surface_matches)=6, matches=7"
women:sackmann:270109,Valeria Garnevska,women,match_count_sum_mismatch,"sum(level_surface_matches)=6, matches=7"
women:sackmann:270129,Amelia Paszun,women,match_count_sum_mismatch,"sum(surface_matches)=26, matches=27"
women:sackmann:270129,Amelia Paszun,women,match_count_sum_mismatch,"sum(level_surface_matches)=26, matches=27"
women:sackmann:270209,Agnese Gentili,women,match_count_sum_mismatch,"sum(surface_matches)=7, matches=8"
women:sackmann:270209,Agnese Gentili,women,match_count_sum_mismatch,"sum(level_surface_matches)=7, matches=8"
women:sackmann:270330,Galatea Ferro,women,match_count_sum_mismatch,"sum(surface_matches)=4, matches=5"
women:sackmann:270330,Galatea Ferro,women,match_count_sum_mismatch,"sum(level_surface_matches)=4, matches=5"
